Date,Day,Day #,Top 10 Gross,%± YD,%± LW,Releases,#1 Release,Gross
Jan 1New Year's Day,Saturday,1,"$39,077,865 ",753.60%,-15.60%,26,Spider-Man: No Way Home,"$23,112,936 "
2-Jan,Sunday,2,"$29,043,656 ",-25.70%,-45.10%,25,Spider-Man: No Way Home,"$17,502,959 "
3-Jan,Monday,3,"$13,351,805 ",-54%,-65.90%,21,Spider-Man: No Way Home,"$7,908,732 "
4-Jan,Tuesday,4,"$10,399,690 ",-22.10%,-71.20%,23,Spider-Man: No Way Home,"$5,918,802 "
5-Jan,Wednesday,5,"$7,391,727 ",-28.90%,-78.30%,21,Spider-Man: No Way Home,"$4,383,219 "
6-Jan,Thursday,6,"$6,652,705 ",-10%,-81%,21,Spider-Man: No Way Home,"$3,926,778 "
7-Jan,Friday,7,"$15,938,444 ",139.60%,-42.30%,25,Spider-Man: No Way Home,"$8,303,811 "
8-Jan,Saturday,8,"$27,445,445 ",72.20%,-29.80%,25,Spider-Man: No Way Home,"$14,828,927 "
9-Jan,Sunday,9,"$17,001,522 ",-38.10%,-41.50%,25,Spider-Man: No Way Home,"$9,485,183 "
10-Jan,Monday,10,"$4,307,531 ",-74.70%,-67.70%,24,Spider-Man: No Way Home,"$2,426,248 "
11-Jan,Tuesday,11,"$5,523,488 ",28.20%,-46.90%,24,Spider-Man: No Way Home,"$2,787,987 "
12-Jan,Wednesday,12,"$4,267,099 ",-22.70%,-42.30%,24,Spider-Man: No Way Home,"$2,242,906 "
13-Jan,Thursday,13,"$4,036,084 ",-5.40%,-39.30%,24,Spider-Man: No Way Home,"$2,110,817 "
14-Jan,Friday,14,"$23,615,870 ",485.10%,48.20%,25,Scream,"$13,383,642 "
15-Jan,Saturday,15,"$26,643,760 ",12.80%,-2.90%,25,Scream,"$10,174,839 "
16-Jan,Sunday,16,"$18,091,004 ",-32.10%,6.40%,25,Scream,"$6,460,324 "
Jan 17MLK Day,Monday,17,"$12,918,405 ",-28.60%,199.90%,27,Spider-Man: No Way Home,"$4,555,918 "
18-Jan,Tuesday,18,"$5,518,747 ",-57.30%,<0.1%,23,Scream,"$2,062,118 "
19-Jan,Wednesday,19,"$4,238,977 ",-23.20%,-0.70%,23,Scream,"$1,554,567 "
20-Jan,Thursday,20,"$4,136,041 ",-2.40%,2.50%,23,Scream,"$1,475,633 "
21-Jan,Friday,21,"$11,971,522 ",189.40%,-49.30%,28,Scream,"$3,701,908 "
22-Jan,Saturday,22,"$19,057,819 ",59.20%,-28.50%,28,Spider-Man: No Way Home,"$6,518,119 "
23-Jan,Sunday,23,"$11,186,399 ",-41.30%,-38.20%,28,Spider-Man: No Way Home,"$3,995,155 "
24-Jan,Monday,24,"$3,015,763 ",-73%,-76.70%,27,Spider-Man: No Way Home,"$973,653 "
25-Jan,Tuesday,25,"$3,803,445 ",26.10%,-31.10%,27,Spider-Man: No Way Home,"$1,121,804 "
26-Jan,Wednesday,26,"$2,999,432 ",-21.10%,-29.20%,29,Spider-Man: No Way Home,"$938,951 "
27-Jan,Thursday,27,"$3,105,148 ",3.50%,-24.90%,28,Spider-Man: No Way Home,"$960,270 "
28-Jan,Friday,28,"$8,127,686 ",161.70%,-32.10%,27,Spider-Man: No Way Home,"$2,750,994 "
29-Jan,Saturday,29,"$15,072,356 ",85.40%,-20.90%,27,Spider-Man: No Way Home,"$5,397,060 "
30-Jan,Sunday,30,"$7,850,130 ",-47.90%,-29.80%,28,Spider-Man: No Way Home,"$2,855,474 "
31-Jan,Monday,31,"$2,509,619 ",-68%,-16.80%,26,Spider-Man: No Way Home,"$910,449 "
1-Feb,Tuesday,32,"$3,006,354 ",19.80%,-21%,26,Spider-Man: No Way Home,"$1,044,982 "
2-Feb,Wednesday,33,"$2,218,080 ",-26.20%,-26%,26,Spider-Man: No Way Home,"$795,807 "
3-Feb,Thursday,34,"$1,958,078 ",-11.70%,-36.90%,27,Spider-Man: No Way Home,"$710,561 "
4-Feb,Friday,35,"$18,196,078 ",829.30%,123.90%,33,Jackass Forever,"$9,612,731 "
5-Feb,Saturday,36,"$23,583,970 ",29.60%,56.50%,33,Jackass Forever,"$8,393,074 "
6-Feb,Sunday,37,"$14,123,416 ",-40.10%,79.90%,33,Jackass Forever,"$5,148,583 "
7-Feb,Monday,38,"$3,951,781 ",-72%,57.50%,33,Jackass Forever,"$1,724,772 "
8-Feb,Tuesday,39,"$4,729,864 ",19.70%,57.30%,33,Jackass Forever,"$1,788,315 "
9-Feb,Wednesday,40,"$3,579,945 ",-24.30%,61.40%,35,Jackass Forever,"$1,403,803 "
10-Feb,Thursday,41,"$3,258,029 ",-9%,66.40%,34,Jackass Forever,"$1,298,424 "
11-Feb,Friday,42,"$16,839,859 ",416.90%,-7.50%,37,Death on the Nile,"$5,069,471 "
12-Feb,Saturday,43,"$24,333,053 ",44.50%,3.20%,36,Death on the Nile,"$5,775,755 "
13-Feb,Sunday,44,"$9,245,185 ",-62%,-34.50%,36,Death on the Nile,"$2,045,897 "
14-Feb,Monday,45,"$12,358,799 ",33.70%,212.70%,36,Marry Me,"$3,039,525 "
15-Feb,Tuesday,46,"$5,722,188 ",-53.70%,21%,36,Death on the Nile,"$1,518,370 "
16-Feb,Wednesday,47,"$4,117,874 ",-28%,15%,36,Death on the Nile,"$970,743 "
17-Feb,Thursday,48,"$3,425,572 ",-16.80%,5.10%,35,Death on the Nile,"$723,943 "
18-Feb,Friday,49,"$28,683,780 ",737.30%,70.30%,40,Uncharted,"$15,376,642 "
19-Feb,Saturday,50,"$35,069,925 ",22.30%,44.10%,40,Uncharted,"$16,275,559 "
20-Feb,Sunday,51,"$26,405,359 ",-24.70%,185.60%,40,Uncharted,"$12,357,954 "
Feb 21Presidents' Day,Monday,52,"$16,010,452 ",-39.40%,29.50%,39,Uncharted,"$7,305,676 "
22-Feb,Tuesday,53,"$9,142,006 ",-42.90%,59.80%,37,Uncharted,"$4,161,837 "
23-Feb,Wednesday,54,"$5,763,003 ",-37%,40%,38,Uncharted,"$2,355,628 "
24-Feb,Thursday,55,"$5,631,663 ",-2.30%,64.40%,38,Uncharted,"$2,302,182 "
25-Feb,Friday,56,"$14,354,086 ",154.90%,-50%,38,Uncharted,"$5,939,471 "
26-Feb,Saturday,57,"$25,515,465 ",77.80%,-27.20%,38,Uncharted,"$10,745,059 "
27-Feb,Sunday,58,"$15,218,278 ",-40.40%,-42.40%,38,Uncharted,"$6,317,243 "
28-Feb,Monday,59,"$3,948,664 ",-74.10%,-75.30%,35,Uncharted,"$1,481,185 "
1-Mar,Tuesday,60,"$5,825,039 ",47.50%,-36.30%,35,Uncharted,"$2,220,497 "
2-Mar,Wednesday,61,"$3,820,795 ",-34.40%,-33.70%,35,Uncharted,"$1,355,360 "
3-Mar,Thursday,62,"$3,130,588 ",-18.10%,-44.40%,35,Uncharted,"$1,082,091 "
4-Mar,Friday,63,"$64,316,203 ",1954.40%,348.10%,34,The Batman,"$56,608,349 "
5-Mar,Saturday,64,"$56,299,314 ",-12.50%,120.60%,34,The Batman,"$43,262,039 "
6-Mar,Sunday,65,"$42,802,456 ",-24%,181.30%,33,The Batman,"$34,138,236 "
7-Mar,Monday,66,"$13,289,529 ",-69%,236.60%,30,The Batman,"$10,824,197 "
8-Mar,Tuesday,67,"$14,001,933 ",5.40%,140.40%,30,The Batman,"$10,772,573 "
9-Mar,Wednesday,68,"$10,981,710 ",-21.60%,187.40%,30,The Batman,"$8,471,060 "
10-Mar,Thursday,69,"$11,171,139 ",1.70%,256.80%,30,The Batman,"$8,444,372 "
11-Mar,Friday,70,"$26,220,202 ",134.70%,-59.20%,33,The Batman,"$18,614,979 "
12-Mar,Saturday,71,"$46,259,664 ",76.40%,-17.80%,34,The Batman,"$28,137,360 "
13-Mar,Sunday,72,"$27,070,763 ",-41.50%,-36.80%,33,The Batman,"$19,758,882 "
14-Mar,Monday,73,"$9,200,965 ",-66%,-30.80%,31,The Batman,"$6,368,310 "
15-Mar,Tuesday,74,"$10,921,145 ",18.70%,-22%,31,The Batman,"$7,104,268 "
16-Mar,Wednesday,75,"$8,838,978 ",-19.10%,-19.50%,31,The Batman,"$5,753,208 "
17-Mar,Thursday,76,"$7,795,912 ",-11.80%,-30.20%,31,The Batman,"$5,033,039 "
18-Mar,Friday,77,"$27,351,801 ",250.80%,4.30%,35,The Batman,"$10,716,576 "
19-Mar,Saturday,78,"$32,445,594 ",18.60%,-29.90%,35,The Batman,"$16,004,510 "
20-Mar,Sunday,79,"$20,263,601 ",-37.50%,-25.10%,35,The Batman,"$10,002,111 "
21-Mar,Monday,80,"$6,880,922 ",-66%,-25.20%,32,The Batman,"$2,849,108 "
22-Mar,Tuesday,81,"$7,829,206 ",13.80%,-28.30%,33,The Batman,"$3,314,926 "
23-Mar,Wednesday,82,"$6,404,018 ",-18.20%,-27.50%,33,The Batman,"$2,812,134 "
24-Mar,Thursday,83,"$5,574,271 ",-13%,-28.50%,33,The Batman,"$2,461,077 "
25-Mar,Friday,84,"$27,513,981 ",393.60%,0.60%,37,The Lost City,"$11,531,544 "
26-Mar,Saturday,85,"$31,442,235 ",14.30%,-3.10%,37,The Lost City,"$11,802,252 "
27-Mar,Sunday,86,"$19,523,313 ",-37.90%,-3.70%,37,The Lost City,"$7,119,473 "
28-Mar,Monday,87,"$5,742,676 ",-70.60%,-16.50%,35,The Lost City,"$2,204,967 "
29-Mar,Tuesday,88,"$7,256,373 ",26.40%,-7.30%,35,The Lost City,"$3,274,852 "
30-Mar,Wednesday,89,"$5,241,702 ",-27.80%,-18.10%,35,The Lost City,"$2,008,391 "
31-Mar,Thursday,90,"$4,834,830 ",-7.80%,-13.30%,35,The Lost City,"$1,839,093 "
1-Apr,Friday,91,"$28,157,844 ",482.40%,2.30%,34,Morbius,"$17,305,908 "
2-Apr,Saturday,92,"$29,611,598 ",5.20%,-5.80%,35,Morbius,"$13,148,513 "
3-Apr,Sunday,93,"$19,115,295 ",-35.40%,-2.10%,35,Morbius,"$8,551,474 "
4-Apr,Monday,94,"$5,070,501 ",-73.50%,-11.70%,33,Morbius,"$2,126,392 "
5-Apr,Tuesday,95,"$6,792,887 ",34%,-6.40%,34,Morbius,"$2,706,560 "
6-Apr,Wednesday,96,"$4,863,221 ",-28.40%,-7.20%,33,Morbius,"$1,664,589 "
7-Apr,Thursday,97,"$4,346,641 ",-10.60%,-10.10%,34,Morbius,"$1,373,785 "
8-Apr,Friday,98,"$40,318,001 ",827.60%,43.20%,30,Sonic the Hedgehog 2,"$26,381,096 "
9-Apr,Saturday,99,"$46,033,970 ",14.20%,55.50%,30,Sonic the Hedgehog 2,"$26,898,385 "
10-Apr,Sunday,100,"$30,824,232 ",-33%,61.30%,31,Sonic the Hedgehog 2,"$18,825,695 "
11-Apr,Monday,101,"$8,379,316 ",-72.80%,65.30%,29,Sonic the Hedgehog 2,"$4,337,814 "
12-Apr,Tuesday,102,"$9,741,733 ",16.30%,43.40%,29,Sonic the Hedgehog 2,"$5,049,159 "
13-Apr,Wednesday,103,"$8,952,406 ",-8.10%,84.10%,31,Sonic the Hedgehog 2,"$3,662,607 "
14-Apr,Thursday,104,"$9,314,512 ",4%,114.30%,30,Sonic the Hedgehog 2,"$4,457,632 "
15-Apr,Friday,105,"$42,163,518 ",352.70%,4.60%,27,Fantastic Beasts: The Secrets of Dumbledore,"$20,027,334 "
16-Apr,Saturday,106,"$39,444,024 ",-6.40%,-14.30%,27,Fantastic Beasts: The Secrets of Dumbledore,"$13,810,828 "
Apr 17Easter Sunday,Sunday,107,"$24,290,725 ",-38.40%,-21.20%,27,Fantastic Beasts: The Secrets of Dumbledore,"$8,313,094 "
18-Apr,Monday,108,"$12,441,597 ",-48.80%,48.50%,27,Sonic the Hedgehog 2,"$4,512,740 "
19-Apr,Tuesday,109,"$10,445,246 ",-16%,7.20%,26,Fantastic Beasts: The Secrets of Dumbledore,"$3,215,723 "
20-Apr,Wednesday,110,"$7,724,531 ",-26%,-13.70%,25,Sonic the Hedgehog 2,"$2,221,092 "
21-Apr,Thursday,111,"$6,788,598 ",-12.10%,-27.10%,25,Fantastic Beasts: The Secrets of Dumbledore,"$1,924,294 "
22-Apr,Friday,112,"$29,082,972 ",328.40%,-31%,29,The Bad Guys,"$7,985,745 "
23-Apr,Saturday,113,"$36,056,040 ",24%,-8.60%,28,The Bad Guys,"$9,347,700 "
24-Apr,Sunday,114,"$25,079,702 ",-30.40%,3.20%,28,The Bad Guys,"$6,616,800 "
25-Apr,Monday,115,"$6,441,487 ",-74.30%,-48.20%,28,The Northman,"$1,093,350 "
26-Apr,Tuesday,116,"$8,153,299 ",26.60%,-21.90%,28,The Bad Guys,"$1,464,450 "
27-Apr,Wednesday,117,"$5,859,176 ",-28.10%,-24.10%,28,The Northman,"$945,080 "
28-Apr,Thursday,118,"$5,657,423 ",-3.40%,-16.70%,28,The Bad Guys,"$946,505 "
29-Apr,Friday,119,"$16,517,473 ",192%,-43.20%,31,The Bad Guys,"$3,733,355 "
30-Apr,Saturday,120,"$28,066,949 ",69.90%,-22.20%,29,The Bad Guys,"$7,558,535 "
1-May,Sunday,121,"$18,367,226 ",-34.60%,-26.80%,29,The Bad Guys,"$4,945,180 "
2-May,Monday,122,"$4,999,796 ",-72.80%,-22.40%,29,The Bad Guys,"$894,760 "
3-May,Tuesday,123,"$6,242,944 ",24.90%,-23.40%,29,The Bad Guys,"$1,106,660 "
4-May,Wednesday,124,"$4,390,657 ",-29.70%,-25.10%,29,Everything Everywhere All at Once,"$707,736 "
5-May,Thursday,125,"$2,948,361 ",-32.80%,-47.90%,29,The Bad Guys,"$546,895 "
6-May,Friday,126,"$99,016,794 ",3258.40%,499.50%,29,Doctor Strange in the Multiverse of Madness,"$90,720,784 "
7-May,Saturday,127,"$71,316,199 ",-28%,154.10%,31,Doctor Strange in the Multiverse of Madness,"$57,806,850 "
8-May,Sunday,128,"$49,960,008 ",-29.90%,172%,31,Doctor Strange in the Multiverse of Madness,"$38,893,364 "
9-May,Monday,129,"$16,115,591 ",-67.70%,222.30%,30,Doctor Strange in the Multiverse of Madness,"$13,620,560 "
10-May,Tuesday,130,"$15,711,682 ",-2.50%,151.70%,26,Doctor Strange in the Multiverse of Madness,"$12,606,682 "
11-May,Wednesday,131,"$11,640,343 ",-25.90%,165.10%,27,Doctor Strange in the Multiverse of Madness,"$9,102,016 "
12-May,Thursday,132,"$10,472,372 ",-10%,255.20%,28,Doctor Strange in the Multiverse of Madness,"$8,109,267 "
13-May,Friday,133,"$24,753,990 ",136.40%,-75%,29,Doctor Strange in the Multiverse of Madness,"$17,133,926 "
14-May,Saturday,134,"$38,207,954 ",54.40%,-46.40%,30,Doctor Strange in the Multiverse of Madness,"$26,452,876 "
15-May,Sunday,135,"$26,087,597 ",-31.70%,-47.80%,30,Doctor Strange in the Multiverse of Madness,"$18,169,002 "
16-May,Monday,136,"$6,664,036 ",-74.50%,-58.60%,28,Doctor Strange in the Multiverse of Madness,"$4,812,753 "
17-May,Tuesday,137,"$8,180,905 ",22.80%,-47.90%,29,Doctor Strange in the Multiverse of Madness,"$5,283,222 "
18-May,Wednesday,138,"$6,179,906 ",-24.50%,-46.90%,30,Doctor Strange in the Multiverse of Madness,"$3,910,188 "
19-May,Thursday,139,"$6,140,895 ",-0.60%,-41.40%,31,Doctor Strange in the Multiverse of Madness,"$3,858,995 "
20-May,Friday,140,"$22,469,484 ",265.90%,-9.20%,36,Doctor Strange in the Multiverse of Madness,"$8,568,406 "
21-May,Saturday,141,"$28,321,398 ",26%,-25.90%,36,Doctor Strange in the Multiverse of Madness,"$13,801,107 "
22-May,Sunday,142,"$20,733,195 ",-26.80%,-20.50%,36,Doctor Strange in the Multiverse of Madness,"$9,935,047 "
23-May,Monday,143,"$6,960,867 ",-66.40%,4.50%,33,Doctor Strange in the Multiverse of Madness,"$3,326,033 "
24-May,Tuesday,144,"$7,862,473 ",13%,-3.90%,34,Doctor Strange in the Multiverse of Madness,"$3,093,792 "
25-May,Wednesday,145,"$6,756,375 ",-14.10%,9.30%,36,Doctor Strange in the Multiverse of Madness,"$2,787,470 "
26-May,Thursday,146,"$5,779,228 ",-14.50%,-5.90%,37,Doctor Strange in the Multiverse of Madness,"$2,381,639 "
27-May,Friday,147,"$68,026,103 ",1077.10%,202.70%,37,Top Gun: Maverick,"$52,012,661 "
28-May,Saturday,148,"$55,351,885 ",-18.60%,95.40%,36,Top Gun: Maverick,"$38,017,701 "
29-May,Sunday,149,"$51,298,305 ",-7.30%,147.40%,35,Top Gun: Maverick,"$36,677,097 "
May 30Memorial Day,Monday,150,"$45,498,178 ",171.20%,20.80%,35,Top Gun: Maverick,"$33,807,521 "
31-May,Tuesday,151,"$21,425,107 ",-52.90%,172.50%,34,Top Gun: Maverick,"$15,800,746 "
1-Jun,Wednesday,152,"$19,181,216 ",-10.50%,183.90%,32,Top Gun: Maverick,"$14,821,417 "
2-Jun,Thursday,153,"$18,962,612 ",-1.10%,228.10%,37,Top Gun: Maverick,"$14,466,868 "
3-Jun,Friday,154,"$33,800,699 ",78.20%,-50.30%,39,Top Gun: Maverick,"$25,006,817 "
4-Jun,Saturday,155,"$47,434,874 ",40.30%,-14.30%,40,Top Gun: Maverick,"$36,008,145 "
5-Jun,Sunday,156,"$37,157,335 ",-21.70%,-27.60%,39,Top Gun: Maverick,"$29,022,049 "
6-Jun,Monday,157,"$15,921,401 ",-57.20%,-65%,36,Top Gun: Maverick,"$12,402,196 "
7-Jun,Tuesday,158,"$18,192,757 ",14.30%,-15.10%,34,Top Gun: Maverick,"$13,765,401 "
8-Jun,Wednesday,159,"$16,014,247 ",-12%,-16.50%,36,Top Gun: Maverick,"$12,402,113 "
9-Jun,Thursday,160,"$12,041,669 ",-24.80%,-36.50%,35,Top Gun: Maverick,"$9,133,204 "
10-Jun,Friday,161,"$78,280,742 ",550.10%,131.60%,36,Jurassic World: Dominion,"$59,591,515 "
11-Jun,Saturday,162,"$73,153,596 ",-6.50%,54.20%,37,Jurassic World: Dominion,"$46,887,000 "
12-Jun,Sunday,163,"$61,035,426 ",-16.60%,64.30%,37,Jurassic World: Dominion,"$38,597,110 "
13-Jun,Monday,164,"$21,321,489 ",-65.10%,33.90%,34,Jurassic World: Dominion,"$12,695,440 "
14-Jun,Tuesday,165,"$25,015,269 ",17.30%,37.50%,34,Jurassic World: Dominion,"$14,777,680 "
15-Jun,Wednesday,166,"$18,684,499 ",-25.30%,16.70%,34,Jurassic World: Dominion,"$9,922,365 "
16-Jun,Thursday,167,"$16,652,622 ",-10.90%,38.30%,33,Jurassic World: Dominion,"$8,665,580 "
17-Jun,Friday,168,"$50,162,669 ",201.20%,-35.90%,36,Lightyear,"$20,705,945 "
18-Jun,Saturday,169,"$57,541,266 ",14.70%,-21.30%,36,Jurassic World: Dominion,"$22,214,665 "
19-Jun,Sunday,170,"$55,557,705 ",-3.40%,-9%,35,Jurassic World: Dominion,"$21,081,560 "
20-Jun,Monday,171,"$24,779,196 ",-55.40%,16.20%,35,Jurassic World: Dominion,"$8,630,480 "
21-Jun,Tuesday,172,"$20,475,104 ",-17.40%,-18.10%,35,Jurassic World: Dominion,"$7,148,530 "
22-Jun,Wednesday,173,"$16,386,250 ",-20%,-12.30%,34,Top Gun: Maverick,"$5,476,223 "
23-Jun,Thursday,174,"$14,651,396 ",-10.60%,-12%,35,Top Gun: Maverick,"$5,001,644 "
24-Jun,Friday,175,"$45,644,546 ",211.50%,-9%,33,Elvis,"$12,755,467 "
25-Jun,Saturday,176,"$49,149,679 ",7.70%,-14.60%,33,Top Gun: Maverick,"$12,052,751 "
26-Jun,Sunday,177,"$38,544,682 ",-21.60%,-30.60%,34,Top Gun: Maverick,"$9,245,301 "
27-Jun,Monday,178,"$18,552,084 ",-51.90%,-25.10%,30,Top Gun: Maverick,"$4,607,973 "
28-Jun,Tuesday,179,"$20,774,770 ",12%,1.50%,31,Elvis,"$5,267,391 "
29-Jun,Wednesday,180,"$16,895,896 ",-18.70%,3.10%,29,Top Gun: Maverick,"$4,305,954 "
30-Jun,Thursday,181,"$14,882,773 ",-11.90%,1.60%,29,Top Gun: Maverick,"$4,006,207 "
1-Jul,Friday,182,"$72,186,724 ",385%,58.10%,30,Minions: The Rise of Gru,"$48,234,190 "
2-Jul,Saturday,183,"$63,129,493 ",-12.50%,28.40%,31,Minions: The Rise of Gru,"$32,646,705 "
3-Jul,Sunday,184,"$53,182,771 ",-15.80%,38%,31,Minions: The Rise of Gru,"$26,129,245 "
Jul 4Independence Day,Monday,185,"$33,475,698 ",143%,-4.90%,27,Minions: The Rise of Gru,"$16,077,100 "
5-Jul,Tuesday,186,"$31,942,154 ",-4.60%,53.80%,27,Minions: The Rise of Gru,"$17,530,175 "
6-Jul,Wednesday,187,"$25,418,133 ",-20.40%,50.40%,29,Minions: The Rise of Gru,"$13,568,820 "
7-Jul,Thursday,188,"$19,724,152 ",-22.40%,32.50%,29,Minions: The Rise of Gru,"$10,342,345 "
8-Jul,Friday,189,"$98,042,012 ",397.10%,35.80%,28,Thor: Love and Thunder,"$69,554,073 "
9-Jul,Saturday,190,"$78,712,815 ",-19.70%,24.70%,30,Thor: Love and Thunder,"$42,112,494 "
10-Jul,Sunday,191,"$60,543,877 ",-23.10%,13.80%,28,Thor: Love and Thunder,"$32,498,540 "
11-Jul,Monday,192,"$24,864,583 ",-58.90%,-25.70%,28,Thor: Love and Thunder,"$12,182,506 "
12-Jul,Tuesday,193,"$29,795,505 ",19.80%,-6.70%,28,Thor: Love and Thunder,"$13,655,428 "
13-Jul,Wednesday,194,"$21,493,985 ",-27.90%,-15.40%,32,Thor: Love and Thunder,"$8,929,256 "
14-Jul,Thursday,195,"$19,588,238 ",-8.90%,-0.70%,31,Thor: Love and Thunder,"$8,338,839 "
15-Jul,Friday,196,"$41,715,439 ",113%,-57.50%,33,Thor: Love and Thunder,"$13,775,873 "
16-Jul,Saturday,197,"$49,800,143 ",19.40%,-36.70%,33,Thor: Love and Thunder,"$18,501,978 "
17-Jul,Sunday,198,"$39,715,575 ",-20.30%,-34.40%,35,Thor: Love and Thunder,"$14,354,321 "
18-Jul,Monday,199,"$18,082,350 ",-54.50%,-27.30%,32,Thor: Love and Thunder,"$5,337,661 "
19-Jul,Tuesday,200,"$22,089,075 ",22.20%,-25.90%,32,Thor: Love and Thunder,"$6,440,182 "
20-Jul,Wednesday,201,"$16,563,867 ",-25%,-22.90%,31,Thor: Love and Thunder,"$4,536,230 "
21-Jul,Thursday,202,"$15,127,935 ",-8.70%,-22.80%,32,Thor: Love and Thunder,"$3,903,317 "
22-Jul,Friday,203,"$42,464,701 ",180.70%,1.80%,31,Nope,"$19,538,690 "
23-Jul,Saturday,204,"$45,347,634 ",6.80%,-8.90%,31,Nope,"$13,938,155 "
24-Jul,Sunday,205,"$36,268,100 ",-20%,-8.70%,31,Nope,"$10,890,065 "
25-Jul,Monday,206,"$16,531,086 ",-54.40%,-8.60%,31,Nope,"$4,777,980 "
26-Jul,Tuesday,207,"$20,550,724 ",24.30%,-7%,31,Nope,"$5,462,490 "
27-Jul,Wednesday,208,"$15,121,049 ",-26.40%,-8.70%,30,Nope,"$3,867,360 "
28-Jul,Thursday,209,"$13,987,843 ",-7.50%,-7.50%,29,Nope,"$3,558,685 "
29-Jul,Friday,210,"$30,918,250 ",121%,-27.20%,33,DC League of Super-Pets,"$9,327,632 "
30-Jul,Saturday,211,"$35,381,454 ",14.40%,-22%,33,DC League of Super-Pets,"$7,729,632 "
31-Jul,Sunday,212,"$27,557,295 ",-22.10%,-24%,34,DC League of Super-Pets,"$5,946,177 "
1-Aug,Monday,213,"$13,052,581 ",-52.60%,-21%,33,DC League of Super-Pets,"$2,651,643 "
2-Aug,Tuesday,214,"$15,720,664 ",20.40%,-23.50%,33,DC League of Super-Pets,"$3,681,122 "
3-Aug,Wednesday,215,"$11,758,442 ",-25.20%,-22.20%,33,DC League of Super-Pets,"$2,325,164 "
4-Aug,Thursday,216,"$10,449,729 ",-11.10%,-25.30%,34,DC League of Super-Pets,"$2,240,512 "
5-Aug,Friday,217,"$30,300,233 ",190%,-2%,30,Bullet Train,"$12,842,371 "
6-Aug,Saturday,218,"$32,597,403 ",7.60%,-7.90%,30,Bullet Train,"$9,685,911 "
7-Aug,Sunday,219,"$25,106,877 ",-23%,-8.90%,30,Bullet Train,"$7,501,874 "
8-Aug,Monday,220,"$10,557,810 ",-57.90%,-19.10%,28,Bullet Train,"$2,690,972 "
9-Aug,Tuesday,221,"$13,860,453 ",31.30%,-11.80%,29,Bullet Train,"$3,851,738 "
10-Aug,Wednesday,222,"$9,366,411 ",-32.40%,-20.30%,28,Bullet Train,"$2,331,654 "
11-Aug,Thursday,223,"$8,848,023 ",-5.50%,-15.30%,29,Bullet Train,"$2,178,183 "
12-Aug,Friday,224,"$16,538,937 ",86.90%,-45.40%,39,Bullet Train,"$3,861,559 "
13-Aug,Saturday,225,"$22,680,785 ",37.10%,-30.40%,40,Bullet Train,"$5,465,276 "
14-Aug,Sunday,226,"$16,362,331 ",-27.90%,-34.80%,40,Bullet Train,"$4,078,187 "
15-Aug,Monday,227,"$6,615,467 ",-59.60%,-37.30%,37,Bullet Train,"$1,510,422 "
16-Aug,Tuesday,228,"$9,042,223 ",36.70%,-34.80%,39,Bullet Train,"$2,206,353 "
17-Aug,Wednesday,229,"$6,863,429 ",-24.10%,-26.70%,39,Bullet Train,"$1,521,490 "
18-Aug,Thursday,230,"$5,941,285 ",-13.40%,-32.90%,40,Bullet Train,"$1,258,796 "
19-Aug,Friday,231,"$25,193,434 ",324%,52.30%,37,Dragon Ball Super: Super Hero,"$10,916,316 "
20-Aug,Saturday,232,"$25,615,322 ",1.70%,12.90%,38,Dragon Ball Super: Super Hero,"$5,814,424 "
21-Aug,Sunday,233,"$18,472,443 ",-27.90%,12.90%,38,Dragon Ball Super: Super Hero,"$4,396,179 "
22-Aug,Monday,234,"$6,933,325 ",-62.50%,4.80%,35,Dragon Ball Super: Super Hero,"$1,515,456 "
23-Aug,Tuesday,235,"$8,346,802 ",20.40%,-7.70%,36,Dragon Ball Super: Super Hero,"$1,594,446 "
24-Aug,Wednesday,236,"$5,605,032 ",-32.80%,-18.30%,35,Dragon Ball Super: Super Hero,"$1,054,238 "
25-Aug,Thursday,237,"$5,080,823 ",-9.40%,-14.50%,36,Dragon Ball Super: Super Hero,"$910,332 "
26-Aug,Friday,238,"$12,570,356 ",147.40%,-50.10%,41,The Invitation,"$2,681,924 "
27-Aug,Saturday,239,"$17,390,684 ",38.30%,-32.10%,41,The Invitation,"$2,515,143 "
28-Aug,Sunday,240,"$11,446,998 ",-34.20%,-38%,42,Bullet Train,"$1,609,214 "
29-Aug,Monday,241,"$3,679,873 ",-67.90%,-46.90%,40,The Invitation,"$533,295 "
30-Aug,Tuesday,242,"$5,339,850 ",45.10%,-36%,39,Bullet Train,"$776,588 "
31-Aug,Wednesday,243,"$3,534,373 ",-33.80%,-36.90%,40,Bullet Train,"$525,045 "
1-Sep,Thursday,244,"$3,216,411 ",-9%,-36.70%,40,Bullet Train,"$502,540 "
2-Sep,Friday,245,"$8,858,474 ",175.40%,-29.50%,39,Spider-Man: No Way Home2022 Re-release,"$1,754,503 "
3-Sep,Saturday,246,"$18,780,708 ",112%,8%,40,Top Gun: Maverick,"$2,617,003 "
4-Sep,Sunday,247,"$14,772,769 ",-21.30%,29.10%,41,Top Gun: Maverick,"$2,290,699 "
Sep 5Labor Day,Monday,248,"$11,941,671 ",-19.20%,224.50%,42,Top Gun: Maverick,"$1,906,497 "
6-Sep,Tuesday,249,"$3,296,795 ",-72.40%,-38.30%,37,Bullet Train,"$525,700 "
7-Sep,Wednesday,250,"$2,837,347 ",-13.90%,-19.70%,38,After Ever Happy,"$555,056 "
8-Sep,Thursday,251,"$2,299,144 ",-19%,-28.50%,40,After Ever Happy,"$395,645 "
9-Sep,Friday,252,"$10,701,752 ",365.50%,20.80%,47,Barbarian,"$3,843,956 "
10-Sep,Saturday,253,"$14,077,942 ",31.50%,-25%,47,Barbarian,"$3,962,988 "
11-Sep,Sunday,254,"$9,196,286 ",-34.70%,-37.70%,46,Barbarian,"$2,737,004 "
12-Sep,Monday,255,"$2,827,557 ",-69.30%,-76.30%,45,Barbarian,"$1,017,924 "
13-Sep,Tuesday,256,"$4,000,814 ",41.50%,21.40%,44,Barbarian,"$1,337,647 "
14-Sep,Wednesday,257,"$2,747,409 ",-31.30%,-3.20%,45,Barbarian,"$940,974 "
15-Sep,Thursday,258,"$2,363,949 ",-14%,2.80%,42,Barbarian,"$774,940 "
16-Sep,Friday,259,"$14,406,673 ",509.40%,34.60%,50,The Woman King,"$6,818,682 "
17-Sep,Saturday,260,"$17,100,115 ",18.70%,21.50%,52,The Woman King,"$7,121,993 "
18-Sep,Sunday,261,"$11,742,235 ",-31.30%,27.70%,51,The Woman King,"$5,110,767 "
19-Sep,Monday,262,"$3,880,097 ",-67%,37.20%,48,The Woman King,"$1,437,012 "
20-Sep,Tuesday,263,"$5,211,892 ",34.30%,30.30%,48,The Woman King,"$2,115,447 "
21-Sep,Wednesday,264,"$3,745,150 ",-28.10%,36.30%,48,The Woman King,"$1,337,259 "
22-Sep,Thursday,265,"$3,230,224 ",-13.70%,36.60%,48,The Woman King,"$1,212,564 "
23-Sep,Friday,266,"$20,159,356 ",524.10%,39.90%,47,Don't Worry Darling,"$9,469,881 "
24-Sep,Saturday,267,"$21,281,664 ",5.60%,24.50%,47,Don't Worry Darling,"$5,777,095 "
25-Sep,Sunday,268,"$14,431,146 ",-32.20%,22.90%,47,Don't Worry Darling,"$4,106,237 "
26-Sep,Monday,269,"$5,269,152 ",-63.50%,35.80%,45,Don't Worry Darling,"$1,668,649 "
27-Sep,Tuesday,270,"$6,003,902 ",13.90%,15.20%,44,Don't Worry Darling,"$2,006,011 "
28-Sep,Wednesday,271,"$4,096,881 ",-31.80%,9.40%,43,Don't Worry Darling,"$1,322,508 "
29-Sep,Thursday,272,"$4,153,601 ",1.40%,28.60%,46,Don't Worry Darling,"$1,154,262 "
30-Sep,Friday,273,"$19,336,153 ",365.50%,-4.10%,46,Smile,"$8,234,402 "
1-Oct,Saturday,274,"$22,876,709 ",18.30%,7.50%,46,Smile,"$8,615,905 "
2-Oct,Sunday,275,"$14,706,576 ",-35.70%,1.90%,47,Smile,"$5,759,618 "
3-Oct,Monday,276,"$4,782,388 ",-67.50%,-9.20%,44,Smile,"$2,201,431 "
4-Oct,Tuesday,277,"$6,726,815 ",40.70%,12%,43,Smile,"$2,981,567 "
5-Oct,Wednesday,278,"$5,442,160 ",-19.10%,32.80%,44,Smile,"$2,410,604 "
6-Oct,Thursday,279,"$4,795,451 ",-11.90%,15.50%,45,Smile,"$2,091,135 "
7-Oct,Friday,280,"$16,684,348 ",247.90%,-13.70%,41,Smile,"$5,416,339 "
8-Oct,Saturday,281,"$21,686,777 ",30%,-5.20%,41,Smile,"$7,450,041 "
9-Oct,Sunday,282,"$15,440,552 ",-28.80%,5%,41,Smile,"$5,676,188 "
Oct 10Indig. Peoples' Day,Monday,283,"$7,904,958 ",-44%,-48.80%,39,Smile,"$2,665,031 "
11-Oct,Tuesday,284,"$5,856,705 ",-25.90%,-12.90%,37,Smile,"$2,084,533 "
12-Oct,Wednesday,285,"$4,441,233 ",-24.20%,-18.40%,39,Smile,"$1,659,865 "
13-Oct,Thursday,286,"$4,127,828 ",-7.10%,-13.90%,39,Smile,"$1,521,240 "
14-Oct,Friday,287,"$29,954,983 ",625.70%,79.50%,34,Halloween Ends,"$20,375,495 "
15-Oct,Saturday,288,"$27,225,421 ",-9.10%,25.50%,35,Halloween Ends,"$13,032,850 "
16-Oct,Sunday,289,"$15,516,864 ",-43%,0.50%,35,Halloween Ends,"$6,642,010 "
17-Oct,Monday,290,"$4,775,384 ",-69.20%,-39.60%,35,Halloween Ends,"$1,751,325 "
18-Oct,Tuesday,291,"$5,793,095 ",21.30%,-1.10%,35,Halloween Ends,"$2,085,660 "
19-Oct,Wednesday,292,"$4,142,565 ",-28.50%,-6.70%,35,Halloween Ends,"$1,274,995 "
20-Oct,Thursday,293,"$3,484,078 ",-15.90%,-15.60%,34,Smile,"$1,062,103 "
21-Oct,Friday,294,"$41,169,215 ",1081.60%,37.40%,34,Black Adam,"$26,688,324 "
22-Oct,Saturday,295,"$41,349,182 ",0.40%,51.90%,34,Black Adam,"$23,712,485 "
23-Oct,Sunday,296,"$27,677,361 ",-33.10%,78.40%,33,Black Adam,"$16,603,514 "
24-Oct,Monday,297,"$8,220,793 ",-70.30%,72.10%,34,Black Adam,"$4,502,706 "
25-Oct,Tuesday,298,"$10,586,504 ",28.80%,82.70%,33,Black Adam,"$5,453,792 "
26-Oct,Wednesday,299,"$7,009,550 ",-33.80%,69.20%,33,Black Adam,"$3,353,669 "
27-Oct,Thursday,300,"$6,463,896 ",-7.80%,85.50%,35,Black Adam,"$3,124,177 "
28-Oct,Friday,301,"$19,554,153 ",202.50%,-52.50%,37,Black Adam,"$7,451,938 "
29-Oct,Saturday,302,"$26,108,515 ",33.50%,-36.90%,37,Black Adam,"$11,812,685 "
30-Oct,Sunday,303,"$18,278,615 ",-30%,-34%,36,Black Adam,"$8,207,517 "
Oct 31Halloween,Monday,304,"$7,047,076 ",-55%,-68.40%,34,Black Adam,"$1,977,587 "
1-Nov,Tuesday,305,"$6,737,881 ",-4.40%,-36.40%,33,Black Adam,"$2,604,658 "
2-Nov,Wednesday,306,"$4,534,367 ",-32.70%,-35.30%,35,Black Adam,"$1,720,811 "
3-Nov,Thursday,307,"$4,409,675 ",-2.70%,-31.80%,34,Black Adam,"$1,631,838 "
4-Nov,Friday,308,"$17,234,584 ",290.80%,-11.90%,34,One Piece Film: Red,"$4,838,903 "
5-Nov,Saturday,309,"$22,499,016 ",30.50%,-13.80%,34,Black Adam,"$8,296,544 "
6-Nov,Sunday,310,"$14,155,088 ",-37.10%,-22.60%,34,Black Adam,"$5,270,433 "
7-Nov,Monday,311,"$4,174,057 ",-70.50%,-40.80%,34,Black Adam,"$1,328,183 "
8-Nov,Tuesday,312,"$6,317,801 ",51.40%,-6.20%,33,Black Adam,"$2,055,912 "
9-Nov,Wednesday,313,"$3,634,689 ",-42.50%,-19.80%,34,Black Adam,"$1,070,591 "
10-Nov,Thursday,314,"$3,319,142 ",-8.70%,-24.70%,33,Black Adam,"$951,078 "
11-Nov,Friday,315,"$93,156,358 ",2706.60%,440.50%,31,Black Panther: Wakanda Forever,"$84,285,721 "
12-Nov,Saturday,316,"$66,610,882 ",-28.50%,196.10%,30,Black Panther: Wakanda Forever,"$56,131,051 "
13-Nov,Sunday,317,"$47,113,613 ",-29.30%,232.80%,29,Black Panther: Wakanda Forever,"$40,922,989 "
14-Nov,Monday,318,"$12,776,780 ",-72.90%,206.10%,29,Black Panther: Wakanda Forever,"$11,125,499 "
15-Nov,Tuesday,319,"$14,854,835 ",16.30%,135.10%,28,Black Panther: Wakanda Forever,"$12,636,707 "
16-Nov,Wednesday,320,"$9,783,542 ",-34.10%,169.20%,29,Black Panther: Wakanda Forever,"$8,110,601 "
17-Nov,Thursday,321,"$8,937,676 ",-8.60%,169.30%,27,Black Panther: Wakanda Forever,"$7,480,079 "
18-Nov,Friday,322,"$29,488,645 ",229.90%,-68.30%,30,Black Panther: Wakanda Forever,"$17,999,138 "
19-Nov,Saturday,323,"$41,248,978 ",39.90%,-38.10%,30,Black Panther: Wakanda Forever,"$28,772,668 "
20-Nov,Sunday,324,"$28,259,098 ",-31.50%,-40%,30,Black Panther: Wakanda Forever,"$19,710,460 "
Nov 21World Cup (Qatar),Monday,325,"$11,288,507 ",-92.90%,-11.60%,30,Black Panther: Wakanda Forever,"$7,002,759 "
Nov 22World Cup (Qatar),Tuesday,326,"$14,128,236 ",25.20%,-4.90%,30,Black Panther: Wakanda Forever,"$9,492,924 "
Nov 23World Cup (Qatar),Wednesday,327,"$21,821,636 ",54.50%,123%,33,Black Panther: Wakanda Forever,"$10,052,869 "
Nov 24ThanksgivingWorld Cup (Qatar),Thursday,328,"$17,101,407 ",-13.70%,-46.20%,31,Black Panther: Wakanda Forever,"$8,164,083 "
Nov 25World Cup (Qatar),Friday,329,"$35,559,618 ",107.90%,20.60%,29,Black Panther: Wakanda Forever,"$18,230,476 "
Nov 26World Cup (Qatar),Saturday,330,"$34,060,152 ",-4.20%,9002.60%,29,Black Panther: Wakanda Forever,"$17,599,193 "
Nov 27World Cup (Qatar),Sunday,331,"$20,116,146 ",-40.90%,-28.80%,28,Black Panther: Wakanda Forever,"$9,754,235 "
Nov 28World Cup (Qatar),Monday,332,"$4,597,554 ",-77.10%,737870.10%,24,Black Panther: Wakanda Forever,"$2,208,258 "
Nov 29World Cup (Qatar),Tuesday,333,"$5,848,911 ",27.20%,-58.60%,25,Black Panther: Wakanda Forever,"$2,681,411 "
Nov 30World Cup (Qatar),Wednesday,334,"$4,405,292 ",-24.70%,23.50%,24,Black Panther: Wakanda Forever,"$1,918,716 "
Dec 1World Cup (Qatar),Thursday,335,"$4,767,528 ",-37.70%,-72.10%,25,Black Panther: Wakanda Forever,"$1,851,240 "
Dec 2World Cup (Qatar),Friday,336,"$14,111,815 ",196%,-60.30%,30,Violent Night,"$4,869,770 "
Dec 31New Year's Eve,Saturday,365,"$27,962,493 ",1.30%,-40.30%,31,Avatar: The Way of Water,"$18,053,159 "
Dec 3World Cup (Qatar),Saturday,337,"$21,746,080 ",54.10%,373%,32,Black Panther: Wakanda Forever,"$8,171,837 "
Dec 4World Cup (Qatar),Sunday,338,"$13,327,779 ",-38.70%,-33.70%,30,Black Panther: Wakanda Forever,"$4,908,833 "
Dec 5World Cup (Qatar),Monday,339,"$3,895,004 ",-70.80%,-91.70%,30,Black Panther: Wakanda Forever,"$1,162,850 "
Dec 6World Cup (Qatar),Tuesday,340,"$5,526,292 ",41.90%,-5.50%,31,Black Panther: Wakanda Forever,"$1,567,075 "
Dec 7World Cup (Qatar),Wednesday,341,"$3,943,414 ",-28.60%,-10.50%,29,Black Panther: Wakanda Forever,"$1,144,653 "
Dec 8World Cup (Qatar),Thursday,342,"$3,792,849 ",-3.80%,-20.40%,30,Black Panther: Wakanda Forever,"$1,165,072 "
Dec 9World Cup (Qatar),Friday,343,"$8,846,320 ",133.20%,-37.30%,35,Black Panther: Wakanda Forever,"$2,860,689 "
Dec 10World Cup (Qatar),Saturday,344,"$15,466,337 ",74.80%,-28.90%,37,Black Panther: Wakanda Forever,"$5,178,818 "
Dec 11World Cup (Qatar),Sunday,345,"$9,510,921 ",-38.50%,-28.60%,36,Black Panther: Wakanda Forever,"$3,195,195 "
Dec 12World Cup (Qatar),Monday,346,"$2,938,862 ",-69.10%,-25.50%,34,Black Panther: Wakanda Forever,"$903,453 "
Dec 13World Cup (Qatar),Tuesday,347,"$3,932,901 ",33.80%,-28.80%,36,Black Panther: Wakanda Forever,"$1,144,342 "
Dec 14World Cup (Qatar),Wednesday,348,"$3,018,611 ",-23.20%,-23.50%,34,Black Panther: Wakanda Forever,"$909,059 "
Dec 15World Cup (Qatar),Thursday,349,"$2,282,964 ",-96%,-39.80%,33,Black Panther: Wakanda Forever,"$688,851 "
Dec 16World Cup (Qatar),Friday,350,"$57,866,360 ",2434.70%,554.10%,30,Avatar: The Way of Water,"$53,200,270 "
Dec 17World Cup (Qatar),Saturday,351,"$51,418,191 ",-11.10%,1649.60%,30,Avatar: The Way of Water,"$44,327,887 "
Dec 18World Cup (Qatar),Sunday,352,"$42,230,148 ",-17.90%,344%,31,Avatar: The Way of Water,"$36,572,069 "
19-Dec,Monday,353,"$19,052,001 ",-54.90%,548.30%,30,Avatar: The Way of Water,"$16,257,078 "
20-Dec,Tuesday,354,"$21,925,733 ",15.10%,457.50%,31,Avatar: The Way of Water,"$18,288,904 "
21-Dec,Wednesday,355,"$21,315,270 ",-2.80%,606.10%,31,Avatar: The Way of Water,"$14,403,438 "
22-Dec,Thursday,356,"$20,101,091 ",-5.70%,780.50%,30,Avatar: The Way of Water,"$14,632,040 "
23-Dec,Friday,357,"$29,211,733 ",45.30%,-49.50%,28,Avatar: The Way of Water,"$19,289,141 "
24-Dec,Saturday,358,"$21,255,461 ",-27.20%,-58.70%,28,Avatar: The Way of Water,"$14,869,288 "
Dec 25Christmas Day,Sunday,359,"$43,485,546 ",-23%,-54.60%,28,Avatar: The Way of Water,"$29,179,791 "
26-Dec,Monday,360,"$46,963,277 ",8%,146.50%,29,Avatar: The Way of Water,"$32,270,430 "
27-Dec,Tuesday,361,"$37,343,124 ",-20.50%,70.30%,28,Avatar: The Way of Water,"$24,128,503 "
28-Dec,Wednesday,362,"$31,866,473 ",-14.70%,49.50%,28,Avatar: The Way of Water,"$20,582,014 "
29-Dec,Thursday,363,"$31,204,428 ",-2.10%,55.20%,28,Avatar: The Way of Water,"$20,117,061 "
30-Dec,Friday,364,"$37,900,613 ",21.50%,29.70%,31,Avatar: The Way of Water,"$24,836,835 "
